{"0.0001": 0.10423823378057206, "0.1": 0.14749015815527497, "0.001": 0.16825619775976186, "1e-05": 0.07854912546539804, "0.01": 0.23881240841358234}