{"1e-05": 0.042581468825851954, "0.0001": 0.11696867322984372, "0.01": 0.25652860983623044, "0.001": 0.17018322479615514, "0.1": 0.18548533318389374}