{"0.0001": 0.2571400688947792, "0.1": 0.27027343053246783, "0.001": 0.2778974875662848, "1e-05": 0.24370897332893235, "0.01": 0.284457785106356}