{"1e-05": 0.2452863582133141, "0.0001": 0.251723937402208, "0.01": 0.29138200661999697, "0.001": 0.2786326836143267, "0.1": 0.2750539788069169}