{"0.0001": 0.317433095841242, "0.1": 0.3916629536720526, "0.001": 0.5224007468374134, "1e-05": 0.2464386717805748, "0.01": 0.6454319673990596}