{"1e-05": 0.24572700243253828, "0.0001": 0.3030697855939211, "0.01": 0.62474685942153, "0.001": 0.5187996805390381, "0.1": 0.43471591686436245}